timestamp,fps,latency_ms,confidence_score
2026-06-25 16:08:20.712120,32.0994506629561,14.948259682606395,93.20468745800864
2026-06-25 16:09:20.712120,29.12418980439208,16.956261958938484,94.78238410820357
2026-06-25 16:10:20.712120,29.742876094949693,12.131459421884681,89.43300695798804
2026-06-25 16:11:20.712120,28.966383840462772,17.948349764346524,91.9957537413271
2026-06-25 16:12:20.712120,29.726197125422928,19.98549764260212,89.06261766441153
2026-06-25 16:13:20.712120,31.875957010900585,14.37612031114845,86.72531736675705
2026-06-25 16:14:20.712120,31.930569520279846,15.908061119162191,88.36474325112033
2026-06-25 16:15:20.712120,28.290683114394525,18.16792682107264,92.76228366182546
2026-06-25 16:16:20.712120,31.479647034658917,16.171507910060534,97.78026435652863
2026-06-25 16:17:20.712120,29.77133790435659,15.497642511310886,90.5487787983976
2026-06-25 16:18:20.712120,19.157786836337387,34.897516673455556,60.96739075651229
2026-06-25 16:19:20.712120,18.616580637803537,29.379742413904744,69.82111306462988
2026-06-25 16:20:20.712120,20.285470201248003,26.81067166756556,69.8427655263907
2026-06-25 16:21:20.712120,17.131515249657078,29.21249970837427,65.1141539591868
2026-06-25 16:22:20.712120,21.39122556665412,33.352810378101495,70.37748868424946
2026-06-25 16:23:20.712120,28.263230049565532,18.433428953770882,91.05531066917207
2026-06-25 16:24:20.712120,29.03540861250392,18.18685677889058,97.77614343522907
2026-06-25 16:25:20.712120,32.44140153355644,10.093440948200286,89.57706035511954
2026-06-25 16:26:20.712120,27.922655226495877,18.89702555915614,93.37193973781649
2026-06-25 16:27:20.712120,29.395612318653782,19.647073566033395,97.04360003515589
2026-06-25 16:28:20.712120,31.696755391596238,18.87991666082406,88.994886036236
2026-06-25 16:29:20.712120,31.400890130227776,16.932364188409473,96.9620375740992
2026-06-25 16:30:20.712120,30.89032820910728,13.750069559809113,94.0026987184882
2026-06-25 16:31:20.712120,31.769640987681868,19.023218884282578,89.3588646842762
2026-06-25 16:32:20.712120,31.913787583896074,14.074356732329578,88.22241145639606
2026-06-25 16:33:20.712120,30.270529282486343,19.624651595901604,95.37285007287754
2026-06-25 16:34:20.712120,32.127756531671885,11.382375966826428,93.36952112173587
2026-06-25 16:35:20.712120,28.78058669112652,12.905201272177694,85.07856320785693
2026-06-25 16:36:20.712120,29.294716225647065,18.28199368723648,94.00246825494179
2026-06-25 16:37:20.712120,27.79478077224319,17.323670261741015,90.8224596200511
2026-06-25 16:38:20.712120,28.36590876697393,18.37471924283141,85.42287650357589
2026-06-25 16:39:20.712120,27.78963736006721,11.653864152728065,93.91330390073195
2026-06-25 16:40:20.712120,31.261689833306004,16.082875083058706,96.9466754646519
2026-06-25 16:41:20.712120,31.562126796820735,17.396805735290773,85.98557619527307
2026-06-25 16:42:20.712120,31.882018178074457,11.327796104379424,92.20899844632567
2026-06-25 16:43:20.712120,30.29510152015982,13.188150283158787,98.96399247729153
2026-06-25 16:44:20.712120,32.03083362925252,14.950129884358232,85.28574165799955
2026-06-25 16:45:20.712120,29.937819582763133,15.811517929778,93.48341035349404
2026-06-25 16:46:20.712120,31.148213971366342,10.240706084158095,96.12312235132964
2026-06-25 16:47:20.712120,30.870054370530706,11.62653595127827,93.65235673172978
2026-06-25 16:48:20.712120,29.779552692155903,10.32445011965592,87.14042254235773
2026-06-25 16:49:20.712120,31.715928100507313,17.642131153902785,86.79116567900576
2026-06-25 16:50:20.712120,31.94307674274451,11.433584994811227,98.47912044371648
2026-06-25 16:51:20.712120,30.797293796437174,10.654522792702766,89.91047656021621
2026-06-25 16:52:20.712120,28.67614172913211,10.586925279625405,91.50929231391862
2026-06-25 16:53:20.712120,29.07466172510189,12.773436314753749,86.75376068376944
2026-06-25 16:54:20.712120,31.05638910516979,17.027545786559507,94.40848331625092
2026-06-25 16:55:20.712120,28.61254608138647,14.347566468398501,88.32135739261825
2026-06-25 16:56:20.712120,28.18441402960186,12.923903025513294,92.88215554204112
2026-06-25 16:57:20.712120,28.441673916339177,13.52740695058063,87.12208000069911
2026-06-25 16:58:20.712120,28.36116795422931,10.259744263483967,90.58293748673303
2026-06-25 16:59:20.712120,32.16202311702773,14.443359685567081,96.96553147059866
2026-06-25 17:00:20.712120,29.708552157168644,16.987000983165842,97.8181957714555
2026-06-25 17:01:20.712120,27.55631171968099,10.76967993924755,96.12627869744138
2026-06-25 17:02:20.712120,31.422251912326306,17.58456063653702,88.36908574114655
2026-06-25 17:03:20.712120,27.91860256213155,11.441235404677855,95.3555872015689
2026-06-25 17:04:20.712120,31.869815270888544,17.872280257374438,90.13707402036302
2026-06-25 17:05:20.712120,32.22370209886865,15.436199828573912,93.66131005305265
2026-06-25 17:06:20.712120,31.86739900210245,18.824704235162564,98.41171865014246
2026-06-25 17:07:20.712120,29.843296985376035,10.87101901305695,88.82796751885424
2026-06-25 17:08:20.712120,21.642292679043862,34.227191622377084,68.40337004409439
2026-06-25 17:09:20.712120,17.956312378283318,28.816855227460067,63.10041054629616
2026-06-25 17:10:20.712120,16.883555232445342,29.928732703360797,70.42474413447316
2026-06-25 17:11:20.712120,19.975560198912138,32.497646637813716,60.428138153126326
2026-06-25 17:12:20.712120,20.05260113170793,30.86804210008817,61.706181314103155
2026-06-25 17:13:20.712120,32.20489544417028,12.988900182835138,87.2950122841275
2026-06-25 17:14:20.712120,29.59779335521446,10.841327664386506,88.44456021753159
2026-06-25 17:15:20.712120,30.090600758867286,13.333900580263219,93.98144747951496
2026-06-25 17:16:20.712120,28.685601270069135,17.45273462675299,92.60228233569613
2026-06-25 17:17:20.712120,29.168119272772792,14.587603690653998,97.66675339334995
2026-06-25 17:18:20.712120,30.16259293223286,14.816660417244798,85.08710128594491
2026-06-25 17:19:20.712120,29.546472493706613,10.809594233193735,86.85226341251389
2026-06-25 17:20:20.712120,28.151715792528854,19.400562855219242,98.2371303975855
2026-06-25 17:21:20.712120,30.00008980817055,19.964780430352274,96.57792437147242
2026-06-25 17:22:20.712120,29.748065853802974,15.455726555441931,85.7594582866121
2026-06-25 17:23:20.712120,28.984726421800357,17.535913807617,89.54694355316578
2026-06-25 17:24:20.712120,31.694378577859784,16.049299883488224,88.54297476258247
2026-06-25 17:25:20.712120,30.889044007766117,13.534771730486801,98.1187705350296
2026-06-25 17:26:20.712120,28.837343367865127,13.974742907775871,86.19024857433539
2026-06-25 17:27:20.712120,30.757400929764692,18.93315027987153,97.5442596579909
2026-06-25 17:28:20.712120,29.455287091641786,15.9872624265305,87.94396088285094
2026-06-25 17:29:20.712120,27.588468293461855,10.842592592149547,86.80687870444548
2026-06-25 17:30:20.712120,27.9135088119546,16.33629030596813,87.43920014812846
2026-06-25 17:31:20.712120,29.61255780393917,15.211017173373968,85.39703050799217
2026-06-25 17:32:20.712120,28.88296350382134,15.57306521258299,96.5413480560593
2026-06-25 17:33:20.712120,28.180414021185197,18.2326384630886,95.49172156575388
2026-06-25 17:34:20.712120,30.074352946220312,12.83052496927133,93.49543405143916
2026-06-25 17:35:20.712120,32.2525528819416,18.69585079894301,92.02593024213962
2026-06-25 17:36:20.712120,28.3937505498629,16.545227832805356,94.71636517581119
2026-06-25 17:37:20.712120,30.84563350244452,15.019188486507208,91.2706674155048
2026-06-25 17:38:20.712120,32.43225978996941,17.908782171859173,95.25452694682872
2026-06-25 17:39:20.712120,28.032657459221394,17.527437656739,87.10708066704711
2026-06-25 17:40:20.712120,27.71484705300943,13.964008862889356,91.08539712432741
2026-06-25 17:41:20.712120,28.742404806141536,11.896375479554816,90.86300389715629
2026-06-25 17:42:20.712120,29.34001938078197,11.719644431985449,92.6964345951573
2026-06-25 17:43:20.712120,28.931340954830564,16.42658858558582,91.08802296356576
2026-06-25 17:44:20.712120,31.165723135272014,19.97167242802258,86.51794983309959
2026-06-25 17:45:20.712120,29.282880658887468,16.59962708279923,92.79926592404243
2026-06-25 17:46:20.712120,28.967693240302278,17.45671282519671,91.41426899532613
2026-06-25 17:47:20.712120,31.73345496384977,14.421815823827501,97.79997939769598
2026-06-25 17:48:20.712120,28.718940784298486,14.516380762603692,94.34671931415441
2026-06-25 17:49:20.712120,28.837015095924915,15.964863330672621,87.38645278091775
2026-06-25 17:50:20.712120,29.00052328527406,19.866841233593384,90.77688156318115
2026-06-25 17:51:20.712120,28.424477667182202,12.262030958386976,92.67560665355187
2026-06-25 17:52:20.712120,29.200885265289312,14.459056304319507,91.44996078695848
2026-06-25 17:53:20.712120,30.351797875824687,17.32475474967572,93.42431819663564
2026-06-25 17:54:20.712120,28.790107085502836,14.203208914253516,96.53536433700783
2026-06-25 17:55:20.712120,28.604352111414805,14.370874242505943,91.54441544548436
2026-06-25 17:56:20.712120,31.44420861599987,13.457574553505786,91.08720576725412
2026-06-25 17:57:20.712120,28.06836418630856,19.18274929725579,96.00004461954057
2026-06-25 17:58:20.712120,18.604858854596053,28.992501213491856,63.63943071766746
2026-06-25 17:59:20.712120,17.29540597239108,25.748984442048894,72.12977877001701
2026-06-25 18:00:20.712120,18.014299237056342,25.93330278664714,68.43346533648645
2026-06-25 18:01:20.712120,21.890486535785882,28.852822021030487,72.78448296591996
2026-06-25 18:02:20.712120,17.359562271815157,26.873451729944666,61.55298500401241
2026-06-25 18:03:20.712120,30.853731679300115,18.226931934020357,90.24842989498913
2026-06-25 18:04:20.712120,27.761383170408934,14.589359037314908,95.50663235170569
2026-06-25 18:05:20.712120,31.86084955747628,11.45567160166591,91.46991813536856
2026-06-25 18:06:20.712120,32.12018665119205,18.59585993862956,98.51954243881028
2026-06-25 18:07:20.712120,28.527955524547906,13.891565915336654,96.01212741250893
2026-06-25 18:08:20.712120,27.524209087663458,13.108983417132617,91.46183443604977
2026-06-25 18:09:20.712120,27.671377743229147,11.264503897381509,90.00179835612921
2026-06-25 18:10:20.712120,30.026394508339976,17.545192904564544,88.03226257770827
2026-06-25 18:11:20.712120,30.12317874425572,12.085165812701133,94.24087484424072
2026-06-25 18:12:20.712120,30.366360523283756,14.91441725025321,96.95321129358723
2026-06-25 18:13:20.712120,32.242575749888466,11.613427494099767,96.62936962470398
2026-06-25 18:14:20.712120,31.179895650242237,18.242458072345862,94.45007261246892
2026-06-25 18:15:20.712120,31.728405676585616,13.36719909857315,94.6726049678272
2026-06-25 18:16:20.712120,27.666120580984185,10.851418097023918,88.09371201329903
2026-06-25 18:17:20.712120,29.494999581901876,15.781806008166496,89.10343577545076
2026-06-25 18:18:20.712120,31.015884414943038,11.073824522028593,94.0606752669936
2026-06-25 18:19:20.712120,28.48537276121119,16.55793070162662,85.00166770017948
2026-06-25 18:20:20.712120,30.46226190680607,10.84387877734445,92.95571093733886
2026-06-25 18:21:20.712120,28.419651389947585,13.092243810050554,88.65227291724567
2026-06-25 18:22:20.712120,31.530372016858983,18.041399667455508,88.87495499066452
2026-06-25 18:23:20.712120,27.98172379826677,13.533306447156995,90.82180777492889
2026-06-25 18:24:20.712120,28.621096808971313,19.376121425112405,93.10297910045006
2026-06-25 18:25:20.712120,28.66757905908256,18.88312208358596,93.32202667715205
2026-06-25 18:26:20.712120,29.000660748863492,10.934809683308673,93.45479677361284
2026-06-25 18:27:20.712120,30.96583707451988,13.109775595147617,93.73677162532901
2026-06-25 18:28:20.712120,30.82009282528525,17.811457830430918,90.30538003170305
2026-06-25 18:29:20.712120,31.42932288376236,16.22850342970198,87.08008829797356
2026-06-25 18:30:20.712120,29.07913442412084,14.44599538077548,89.85818196714149
2026-06-25 18:31:20.712120,30.53836911213892,18.893826672862392,92.40784696690386
2026-06-25 18:32:20.712120,28.741933393366722,12.21409968943373,89.24028985174704
2026-06-25 18:33:20.712120,30.761146803446167,12.762184540408812,96.74998641444567
2026-06-25 18:34:20.712120,30.10514134544818,12.418652161547815,95.76626406049154
2026-06-25 18:35:20.712120,27.50829085563062,12.649858654663285,88.98271822360995
2026-06-25 18:36:20.712120,31.26492864925109,13.449644189790792,94.1205092715649
2026-06-25 18:37:20.712120,28.822147215383552,12.704127771525904,98.20622707811982
2026-06-25 18:38:20.712120,28.234954996116468,10.222666272758095,89.00837849425787
2026-06-25 18:39:20.712120,32.31772672483912,11.846354745680772,93.89947908886465
2026-06-25 18:40:20.712120,28.33960289438879,12.386379580744443,89.26381556381291
2026-06-25 18:41:20.712120,28.545038098554873,12.405675514012087,85.76751830926843
2026-06-25 18:42:20.712120,27.72236197419011,16.553675207277728,86.20941799573838
2026-06-25 18:43:20.712120,31.87808921839254,17.061518602774797,91.741806888248
2026-06-25 18:44:20.712120,29.117635520318483,19.185650704116966,85.53989996467772
2026-06-25 18:45:20.712120,32.285420067065246,14.998817409305914,87.71655205549942
2026-06-25 18:46:20.712120,28.57102635722815,18.235687100624077,98.57780225187311
2026-06-25 18:47:20.712120,31.92251498586698,15.00210348775229,92.89155047557881
2026-06-25 18:48:20.712120,15.178209969513187,27.57713897584442,71.79323635324556
2026-06-25 18:49:20.712120,17.639221496181726,27.75278228327214,61.82138969321027
2026-06-25 18:50:20.712120,15.456346120272645,33.21598094696533,71.83954830726765
2026-06-25 18:51:20.712120,20.719947216661616,30.767905879384394,62.69817398581712
2026-06-25 18:52:20.712120,15.432277107133597,34.26698529549068,65.38534453562492
2026-06-25 18:53:20.712120,29.036606075971086,14.47288166783628,88.65481814969047
2026-06-25 18:54:20.712120,32.14983662070151,14.721327797497175,92.35481086033946
2026-06-25 18:55:20.712120,28.27345885343124,18.93728081110123,92.47737024616215
2026-06-25 18:56:20.712120,31.90393821106462,15.973062572916245,88.09312152045935
2026-06-25 18:57:20.712120,29.106883954498258,16.657354774955024,90.19465514573486
2026-06-25 18:58:20.712120,28.31986901087762,19.53275637674451,92.96886776648398
2026-06-25 18:59:20.712120,27.78837925632681,10.30424653744194,95.95462159210467
2026-06-25 19:00:20.712120,30.806114378913247,13.49819814248046,94.88893886451334
2026-06-25 19:01:20.712120,32.086666049219886,17.370808301208424,94.82140614217043
2026-06-25 19:02:20.712120,29.73241756944456,19.991874097942798,93.58716739587398
2026-06-25 19:03:20.712120,28.49490419333827,19.024945888353628,93.78956690503745
2026-06-25 19:04:20.712120,30.921311777000412,12.602797765229067,96.5014696175158
2026-06-25 19:05:20.712120,27.825732338071024,18.75314352253195,94.3968301122525
2026-06-25 19:06:20.712120,31.85846594777886,14.657484457772815,95.60982275753982
2026-06-25 19:07:20.712120,32.09930230085462,19.237862764775514,85.84538933063837
2026-06-25 19:08:20.712120,28.3086953885948,19.83275381096223,90.6285100517827
2026-06-25 19:09:20.712120,27.724086680636425,11.499717051327282,94.31286052362269
2026-06-25 19:10:20.712120,31.539085743873613,14.50257556704852,88.27342468183802
2026-06-25 19:11:20.712120,31.64373967824756,16.147401616777422,88.19953455449544
2026-06-25 19:12:20.712120,28.655005578927693,18.947464822278683,88.36713008025545
2026-06-25 19:13:20.712120,28.883683813285927,16.160450172788615,88.8529325823223
2026-06-25 19:14:20.712120,29.458748874405,13.141711198587416,90.15600112857331
2026-06-25 19:15:20.712120,32.1348977301939,14.63036296779865,86.94324799718378
2026-06-25 19:16:20.712120,28.228585734042106,10.973204499927776,92.2378051024031
2026-06-25 19:17:20.712120,27.85919746916923,17.922797809007626,96.32018663575583
2026-06-25 19:18:20.712120,32.49829053999852,16.579740345747236,89.53915594655831
2026-06-25 19:19:20.712120,30.071332120509165,10.186756609740737,97.97320678394989
2026-06-25 19:20:20.712120,31.491421144463462,14.910973766982778,91.81845621494746
2026-06-25 19:21:20.712120,29.894922850382567,14.859602325422642,98.96977631684807
2026-06-25 19:22:20.712120,29.12154069647885,14.064728152984795,96.74724052139894
2026-06-25 19:23:20.712120,29.32501789300549,19.271462129973557,90.35552030637932
2026-06-25 19:24:20.712120,30.13828401271028,10.961981152057604,91.18095332639251
2026-06-25 19:25:20.712120,29.784510614899265,17.17722212258112,89.9861548755986
2026-06-25 19:26:20.712120,29.566731758333688,15.229180724392918,97.51654683771565
2026-06-25 19:27:20.712120,27.850966781156423,14.876762989896381,89.96109374279408
2026-06-25 19:28:20.712120,31.54070018608863,19.369028407274655,90.15106368526038
2026-06-25 19:29:20.712120,27.84287795782851,16.834721228056743,96.14339202284644
2026-06-25 19:30:20.712120,30.393832508608227,19.515298862283018,98.0142133436358
2026-06-25 19:31:20.712120,32.24355049136859,17.86302208767044,96.28046140061016
2026-06-25 19:32:20.712120,28.984332150580258,11.62059758501026,90.15885972940035
2026-06-25 19:33:20.712120,29.88720064420392,19.94216035998941,98.91985921876008
2026-06-25 19:34:20.712120,27.570111650541964,18.10541318616751,86.6385394812721
2026-06-25 19:35:20.712120,28.772338125676356,18.81357821757168,91.27044859120927
2026-06-25 19:36:20.712120,28.63260511352766,13.184498732049311,85.78252543298824
2026-06-25 19:37:20.712120,29.124038113911524,16.37016070777223,87.38328204125453
2026-06-25 19:38:20.712120,19.963056701666943,30.327806129084912,68.213880273461
2026-06-25 19:39:20.712120,18.19850298484743,30.542651852092074,71.82675961748572
2026-06-25 19:40:20.712120,18.71844771154208,32.41342655968415,67.03726318197903
2026-06-25 19:41:20.712120,17.307522501408876,32.85725943450578,67.04596232586218
2026-06-25 19:42:20.712120,17.876709766577633,33.98984326281929,68.6206413587275
2026-06-25 19:43:20.712120,28.806636452182225,11.731711087269419,85.24252125000473
2026-06-25 19:44:20.712120,31.691661978867504,13.549959100685935,92.05041356088459
2026-06-25 19:45:20.712120,29.479420420996234,11.775347955601264,90.61910603172404
2026-06-25 19:46:20.712120,29.21808214019107,18.58501314219251,85.96326553875824
2026-06-25 19:47:20.712120,31.906606369266967,10.140940099990026,93.1162876039286
2026-06-25 19:48:20.712120,31.785685379808044,12.277880900986208,97.01801558759641
2026-06-25 19:49:20.712120,32.46181912072639,15.916221124863466,96.35375354010168
2026-06-25 19:50:20.712120,32.386681057773565,18.987089944706742,89.92664314957457
2026-06-25 19:51:20.712120,29.434481922505164,17.45167385767836,96.80279194416588
2026-06-25 19:52:20.712120,32.31664440046189,15.557399578530632,87.14842209091566
2026-06-25 19:53:20.712120,29.34847568262284,12.560067744368418,98.05954036023849
2026-06-25 19:54:20.712120,28.453289957932427,18.240414096942544,86.84817791910432
2026-06-25 19:55:20.712120,29.855500078428857,12.247625852943298,88.71716770984789
2026-06-25 19:56:20.712120,30.392153264430075,13.658174765382684,97.50952107902884
2026-06-25 19:57:20.712120,30.130405472563684,13.04867618219367,96.1044838279761
2026-06-25 19:58:20.712120,31.051566308664267,11.607905285763444,94.66720326198833
2026-06-25 19:59:20.712120,32.47931604476253,16.061874368546167,95.53101333477724
2026-06-25 20:00:20.712120,29.821902694186253,19.26250618468466,90.07866783108624
2026-06-25 20:01:20.712120,32.221611788262905,15.397868996473818,88.46755524784359
2026-06-25 20:02:20.712120,28.309519217483096,10.76282078384645,96.82241051998692
2026-06-25 20:03:20.712120,29.715104575844208,18.747897767409768,85.48171120336241
2026-06-25 20:04:20.712120,32.297175497142526,16.418468442646542,94.04597046315399
2026-06-25 20:05:20.712120,31.639966065686146,10.604131932822142,98.64667796462297
2026-06-25 20:06:20.712120,32.46458070021658,18.877288016304107,89.73270779358872
2026-06-25 20:07:20.712120,31.495304704164013,17.637578526551124,88.23924458592907
2026-06-25 20:08:20.712120,32.095177348449354,18.484080467580483,89.92734154348452
2026-06-25 20:09:20.712120,32.003524930376734,19.178288418441344,96.72843154580573
2026-06-25 20:10:20.712120,28.221818838223047,15.436244476725893,92.18993441777172
2026-06-25 20:11:20.712120,28.813366619846935,19.530982308403857,91.79157088306494
2026-06-25 20:12:20.712120,31.037459263475505,10.094719511867055,89.26436444028725
2026-06-25 20:13:20.712120,28.00909110838822,11.762511842973515,98.62997951749709
2026-06-25 20:14:20.712120,29.954197483968166,12.18877446622715,89.11740477047931
2026-06-25 20:15:20.712120,31.37927632247141,12.527027809484071,93.93494467908496
2026-06-25 20:16:20.712120,27.506821063104855,14.261763485075143,87.50244413498784
2026-06-25 20:17:20.712120,31.1395935729369,16.241842238977018,96.45378834577076
2026-06-25 20:18:20.712120,30.563646959508304,12.297177607708173,93.25965044496822
2026-06-25 20:19:20.712120,32.27437928211015,13.754231070514745,97.8038250069509
2026-06-25 20:20:20.712120,28.39373180877507,13.554820297560545,86.20013708493047
2026-06-25 20:21:20.712120,30.784929004363935,15.233329594222269,96.36954463189849
2026-06-25 20:22:20.712120,27.884883103617042,11.420378754172543,94.40025519091577
2026-06-25 20:23:20.712120,27.60398575377043,11.810777022964604,93.81806410273555
2026-06-25 20:24:20.712120,32.39124863411931,10.557371883709326,90.31468932478914
2026-06-25 20:25:20.712120,30.930711205715493,14.690479324352758,86.88598585974555
2026-06-25 20:26:20.712120,32.43161398533175,16.89552265672064,87.85409026221896
2026-06-25 20:27:20.712120,28.44475999068289,11.9077804293387,87.22342250800695
2026-06-25 20:28:20.712120,18.574404902555695,28.30483299643414,71.13407814511638
2026-06-25 20:29:20.712120,20.216884678257607,26.5860860380472,72.71355961077838
2026-06-25 20:30:20.712120,20.42746808882209,29.346133358706226,62.04351000431467
2026-06-25 20:31:20.712120,16.502052542467702,32.31414556007255,61.063663572606046
2026-06-25 20:32:20.712120,16.989038265162165,28.330703727286966,72.75291896840665
2026-06-25 20:33:20.712120,32.46731148707635,19.386576079816496,92.53297242055345
2026-06-25 20:34:20.712120,29.7253371262505,16.591892341146607,91.76340823288481
2026-06-25 20:35:20.712120,29.10784687134154,13.747574327686042,96.63277515129862
2026-06-25 20:36:20.712120,30.48991586431178,14.341840569102624,89.26486425492506
2026-06-25 20:37:20.712120,30.372679625219863,16.031162091974043,93.22588060192247
2026-06-25 20:38:20.712120,31.80619913948305,14.700366991251629,94.67746108969133
2026-06-25 20:39:20.712120,28.1888611992957,15.722638808556422,89.10825153675171
2026-06-25 20:40:20.712120,29.936655045753135,13.536720892420574,98.36283355427965
2026-06-25 20:41:20.712120,30.292374016319453,16.15728984775754,97.86698091723638
2026-06-25 20:42:20.712120,28.73309180884206,14.301377631249522,97.96170352516708
2026-06-25 20:43:20.712120,30.899287844026823,10.0427465057698,85.05169999422553
2026-06-25 20:44:20.712120,29.221878309371995,18.801030174727074,89.86155721143567
2026-06-25 20:45:20.712120,27.528303289236895,15.945095501439308,91.12240687799766
2026-06-25 20:46:20.712120,30.438489683000377,11.86684360455964,90.47055968373432
2026-06-25 20:47:20.712120,30.88228508140138,13.938904498581383,89.35267196588192
2026-06-25 20:48:20.712120,29.164517516648356,19.343354353838052,89.11155090187137
2026-06-25 20:49:20.712120,28.478714296791438,14.687403092295979,86.42832766637169
2026-06-25 20:50:20.712120,27.762727926784653,16.650817596334797,97.42172270144677
2026-06-25 20:51:20.712120,28.84296335474886,10.65067724456744,95.08878108303928
2026-06-25 20:52:20.712120,32.147733324319034,18.413402672263516,91.41498448517456
2026-06-25 20:53:20.712120,32.42058557159979,19.072238653643353,92.00157651755791
2026-06-25 20:54:20.712120,31.960141588967332,10.996536977059975,98.59118504017336
2026-06-25 20:55:20.712120,30.196805099339826,18.508937785033403,88.05436223249261
2026-06-25 20:56:20.712120,29.043893160334193,16.57179105851455,96.2058487437425
2026-06-25 20:57:20.712120,32.125915294982235,13.132984970537526,88.0556665813922
2026-06-25 20:58:20.712120,31.335590314962317,11.738462206267382,89.61219568529886
2026-06-25 20:59:20.712120,28.662277338072634,16.816993777955556,88.43926646315612
2026-06-25 21:00:20.712120,29.206595095091693,18.143402508754246,91.45246399075664
2026-06-25 21:01:20.712120,31.65732690602419,14.041195397356779,92.67071722293205
2026-06-25 21:02:20.712120,30.31342972612657,12.60600934364597,89.87694534146843
2026-06-25 21:03:20.712120,30.487139936093925,10.153531039536258,93.16577945500094
2026-06-25 21:04:20.712120,30.260743283469754,17.178185040987586,89.62985870444894
2026-06-25 21:05:20.712120,31.80737466547943,15.522303167022162,88.12863803267896
2026-06-25 21:06:20.712120,28.91191363716025,10.298542092442192,85.35200336075422
2026-06-25 21:07:20.712120,30.492475997707935,13.83610160712154,96.44417630147055
2026-06-25 21:08:20.712120,31.468297190083142,15.394962435207322,92.08520206935445
2026-06-25 21:09:20.712120,27.980691752719896,15.323276859273285,87.32980399231765
2026-06-25 21:10:20.712120,27.72882712102311,16.841411627407467,87.33185271068491
2026-06-25 21:11:20.712120,28.298707938702382,14.752806678829998,94.06909609314648
2026-06-25 21:12:20.712120,27.686437476060835,12.288997169755097,93.52162506286857
2026-06-25 21:13:20.712120,28.21663686745014,16.077126898089915,89.24141563864866
2026-06-25 21:14:20.712120,27.51700097319184,13.935251620764515,97.94429250706585
2026-06-25 21:15:20.712120,30.34128576626591,13.364308342861175,85.63500884759351
2026-06-25 21:16:20.712120,28.208482400023257,10.125021877689838,90.49626198973964
2026-06-25 21:17:20.712120,31.33936202423696,16.30382317519364,87.5087366900181
2026-06-25 21:18:20.712120,18.30863331642317,34.70665642074583,65.4198675206419
2026-06-25 21:19:20.712120,18.6712315482335,27.112153002434276,60.20770400212753
2026-06-25 21:20:20.712120,15.56774472778419,34.71574585732954,60.3514723160348
2026-06-25 21:21:20.712120,18.89417678165284,31.42283847268505,67.13421408862156
2026-06-25 21:22:20.712120,16.93403340872745,27.86815518610372,68.25912347277249
2026-06-25 21:23:20.712120,28.496073438122032,11.146805509998872,89.12217394605422
2026-06-25 21:24:20.712120,30.952014590506828,18.02608131129529,91.80352492573003
2026-06-25 21:25:20.712120,28.14715823798125,10.044732573190014,98.1455211358951
2026-06-25 21:26:20.712120,30.33671359610117,18.983294902814343,92.17035109353947
2026-06-25 21:27:20.712120,30.65412387527349,17.916543572695304,87.90491274901623
2026-06-25 21:28:20.712120,28.62137422899952,18.096436137379783,90.88187256669042
2026-06-25 21:29:20.712120,27.585182823925997,12.380959667034604,87.15593957774155
2026-06-25 21:30:20.712120,31.834258441933322,11.935951760559096,89.0433384902851
2026-06-25 21:31:20.712120,29.18883550932732,15.411123560785551,94.14048455523715
2026-06-25 21:32:20.712120,31.482526576050653,14.94899443009844,90.9420573251968
2026-06-25 21:33:20.712120,28.516455898970356,16.56173965764869,98.01052892257192
2026-06-25 21:34:20.712120,28.940682707555776,19.55799382238132,87.2901799739486
2026-06-25 21:35:20.712120,31.21182572594051,10.361804835103461,88.63848396721865
2026-06-25 21:36:20.712120,31.756557585597534,11.095020511185862,90.05595359722737
2026-06-25 21:37:20.712120,27.889172819500427,14.590661781105927,96.68702325395827
2026-06-25 21:38:20.712120,29.569921960038076,19.742425472099562,88.64126480592937
2026-06-25 21:39:20.712120,32.06645572216216,17.403061311685548,90.5277786167045
2026-06-25 21:40:20.712120,28.300929034756777,19.428441957017945,88.84452168312053
2026-06-25 21:41:20.712120,31.270928035406914,19.707487318362077,90.32397757874135
2026-06-25 21:42:20.712120,29.39961402824086,10.200543862825906,90.347612507425
2026-06-25 21:43:20.712120,28.871530846109426,13.587460646184493,89.70490511651415
2026-06-25 21:44:20.712120,32.34196750373454,15.283930568521534,85.25224267586447
2026-06-25 21:45:20.712120,27.876543332387477,16.934912926499166,97.5332247164051
2026-06-25 21:46:20.712120,32.15184228218252,12.679465469805725,94.02350768469424
2026-06-25 21:47:20.712120,29.28680405354443,14.604325178353363,93.46126626759197
2026-06-25 21:48:20.712120,32.48291768774116,12.830736115552881,88.37449253424253
2026-06-25 21:49:20.712120,31.22174312538271,11.945708882722933,93.01649203778291
2026-06-25 21:50:20.712120,27.673101107361905,16.96526970623254,89.34762682560654
2026-06-25 21:51:20.712120,31.07489375464963,10.061852066878497,89.60389692026743
2026-06-25 21:52:20.712120,31.27889196600303,15.712353540594298,89.76794889725078
2026-06-25 21:53:20.712120,32.34447680877723,15.404959623137804,91.4951502971443
2026-06-25 21:54:20.712120,31.816752420002345,14.716488446038499,93.36720461228298
2026-06-25 21:55:20.712120,27.81307030930592,18.556648797258838,88.5139163140287
2026-06-25 21:56:20.712120,29.54699987515111,17.0507716316217,94.18123977965803
2026-06-25 21:57:20.712120,27.612751161150474,14.957801695862294,98.56475783375106
2026-06-25 21:58:20.712120,28.580709190613796,15.701504615438814,94.20989646384086
2026-06-25 21:59:20.712120,28.74829742416384,16.65559794622937,88.60457499600538
2026-06-25 22:00:20.712120,32.48176346240139,11.015907638376182,94.74367451909185
2026-06-25 22:01:20.712120,31.282771239853815,13.97433998334399,88.36989623849779
2026-06-25 22:02:20.712120,29.54913076086046,18.689547425819978,93.34861657195844
2026-06-25 22:03:20.712120,31.94800109129554,12.920102826766438,95.00622384141846
2026-06-25 22:04:20.712120,29.377462502998466,11.035965947335653,96.2878399725895
2026-06-25 22:05:20.712120,32.338836986609095,11.768503228310808,96.06669845908654
2026-06-25 22:06:20.712120,30.522037144205395,13.935179804193936,86.45445600994138
2026-06-25 22:07:20.712120,30.372055343525055,11.353688672052076,97.74204435761591
2026-06-25 22:08:20.712120,15.427941933308086,31.26225472531873,65.21121902848026
2026-06-25 22:09:20.712120,21.136985614800345,34.17792384345745,71.0541990662887
2026-06-25 22:10:20.712120,19.02678989953914,34.27140244801343,66.73721429455505
2026-06-25 22:11:20.712120,15.822583148159543,33.821460835464066,61.512864992774034
2026-06-25 22:12:20.712120,16.460702935224923,28.26153819953916,67.06497887896347
2026-06-25 22:13:20.712120,29.02073129704202,16.704138000389612,87.78405293634897
2026-06-25 22:14:20.712120,32.31187800752556,12.05684873959321,91.87442498639335
2026-06-25 22:15:20.712120,28.24340911345539,13.921167235462967,97.13098766500472
2026-06-25 22:16:20.712120,29.091898703096426,19.91481453535608,90.81782345059551
2026-06-25 22:17:20.712120,31.18106134694625,16.265112474710676,86.00378690284977
2026-06-25 22:18:20.712120,30.925871851436042,18.242702433344977,96.36404816980458
2026-06-25 22:19:20.712120,28.143895235451104,19.383800188200805,90.0694396256701
2026-06-25 22:20:20.712120,27.705953643236317,11.116781636387124,87.1025552230106
2026-06-25 22:21:20.712120,32.20541324810276,13.110441300146599,87.62294717401994
2026-06-25 22:22:20.712120,31.26926128789623,13.145237506824168,90.86054730380005
2026-06-25 22:23:20.712120,29.97510391023526,10.029870075574486,95.56953596533698
2026-06-25 22:24:20.712120,30.086918764179998,13.681231479549636,92.25035753392434
2026-06-25 22:25:20.712120,29.42585634823129,11.293210304032693,87.58754664447866
2026-06-25 22:26:20.712120,31.344474418877734,18.826527874379774,91.6630330992893
2026-06-25 22:27:20.712120,29.746245505256876,11.173095864201843,86.9366979289518
2026-06-25 22:28:20.712120,28.496427647001703,15.323066000559855,94.18110778554713
2026-06-25 22:29:20.712120,30.684910803520694,17.729303174698053,86.51655692688415
2026-06-25 22:30:20.712120,29.227742551277696,16.774677218604648,92.35725410086853
2026-06-25 22:31:20.712120,30.065021540686047,12.56666523243806,92.25964772699528
2026-06-25 22:32:20.712120,30.167169876594954,16.38361252905011,92.16257532208692
2026-06-25 22:33:20.712120,29.413408596171983,18.44386283558746,96.86593433972969
2026-06-25 22:34:20.712120,27.54303584127153,10.02027235045423,95.32179990928134
2026-06-25 22:35:20.712120,31.61692196121966,13.869998826603997,97.05446613731348
2026-06-25 22:36:20.712120,31.669789261512104,19.024331080273196,96.11916484735075
2026-06-25 22:37:20.712120,29.871477506473276,15.575713444886219,88.7099960478484
2026-06-25 22:38:20.712120,28.85956485308312,12.413734405339602,94.18857405037285
2026-06-25 22:39:20.712120,32.20235676341976,15.3144558221356,90.9802963845705
2026-06-25 22:40:20.712120,30.51140334443303,15.94569921369175,93.37641337242584
2026-06-25 22:41:20.712120,29.966004686410898,14.91510948260059,85.41811575269782
2026-06-25 22:42:20.712120,28.893025810738752,16.01788495484393,92.69563614846481
2026-06-25 22:43:20.712120,29.965325591888785,10.950102258929205,97.04565567841965
2026-06-25 22:44:20.712120,32.311047768992985,13.116687963903832,90.5919570303197
2026-06-25 22:45:20.712120,28.047572838566506,13.81693601992076,95.44233549743589
2026-06-25 22:46:20.712120,28.19392520516953,17.326628480141018,85.13866527056776
2026-06-25 22:47:20.712120,32.05496350057078,19.030896269416594,86.65413210626186
2026-06-25 22:48:20.712120,27.702376465298805,13.854158741646767,90.73650539351927
2026-06-25 22:49:20.712120,28.36930387943026,19.709239897263636,85.26212391505811
2026-06-25 22:50:20.712120,31.894356176017418,12.84756248997321,97.04468176890184
2026-06-25 22:51:20.712120,28.982796054822465,11.520755100091849,97.78837604271563
2026-06-25 22:52:20.712120,30.492119541490005,19.058846200961177,86.4446447925276
2026-06-25 22:53:20.712120,27.83939998241861,15.372364286720057,90.08701058043987
2026-06-25 22:54:20.712120,32.47391726156695,17.51652373012764,98.06140800227207
2026-06-25 22:55:20.712120,27.992446737336483,19.38394464092559,93.07514641071911
2026-06-25 22:56:20.712120,28.171282275932494,15.096535591412376,96.15495978992084
2026-06-25 22:57:20.712120,29.023393934897037,13.492040211508197,91.89593906513852
2026-06-25 22:58:20.712120,19.403413711504445,30.980596535579622,69.17415794115684
2026-06-25 22:59:20.712120,17.220151644132812,29.100880354398686,61.25034931108349
2026-06-25 23:00:20.712120,17.28628492018507,27.101287277976965,69.19720501599458
2026-06-25 23:01:20.712120,18.640845465480425,25.87687152189804,61.86184504344422
2026-06-25 23:02:20.712120,21.19312910492397,30.90088353761096,61.66661198804364
2026-06-25 23:03:20.712120,29.86029241965564,15.047139744834592,85.78744444713031
2026-06-25 23:04:20.712120,30.086323581332895,13.724688823417242,98.50529565828012
2026-06-25 23:05:20.712120,28.68457055997001,17.967095444733804,86.27300129764812
2026-06-25 23:06:20.712120,28.048801189723118,11.39387178371283,88.3891374510222
2026-06-25 23:07:20.712120,28.37760493955419,19.802711663550582,95.23107594102092
2026-06-25 23:08:20.712120,28.61286620425992,16.79689809155695,88.91803094287793
2026-06-25 23:09:20.712120,28.810078119076174,18.402669721111998,88.36233705059624
2026-06-25 23:10:20.712120,30.538504680158958,19.683542764427433,94.07476652498559
2026-06-25 23:11:20.712120,28.96520217009981,10.062925854980373,87.4467670268875
2026-06-25 23:12:20.712120,30.70038646414638,18.142210824997285,98.29320147598636
2026-06-25 23:13:20.712120,31.53765715476917,15.301844987478184,98.8212543129493
2026-06-25 23:14:20.712120,29.266105723878937,15.571409193205751,92.03268592845139
2026-06-25 23:15:20.712120,30.53946796300321,10.757869086868872,94.2158032362383
2026-06-25 23:16:20.712120,31.227044738425665,16.25909493476189,90.59830365256374
2026-06-25 23:17:20.712120,28.04986657216661,17.69024655977725,97.15567377183561
2026-06-25 23:18:20.712120,31.416070634962328,14.456548354116794,92.7806128263666
2026-06-25 23:19:20.712120,29.978991218188167,18.866318215406206,97.70477898007397
2026-06-25 23:20:20.712120,28.198038594427665,19.060919805631556,85.97888089783594
2026-06-25 23:21:20.712120,28.186862453716625,13.621039745280191,93.94544329299643
2026-06-25 23:22:20.712120,28.850679611558252,15.01413294876492,87.63037835082284
2026-06-25 23:23:20.712120,27.53252378572397,16.922859491122754,85.24634991560617
2026-06-25 23:24:20.712120,31.650653576132562,17.51869468493933,98.78772069002792
2026-06-25 23:25:20.712120,29.311749031721806,14.903862145883718,94.34135675310414
2026-06-25 23:26:20.712120,30.328619047158398,13.97642294140173,88.00234419206663
2026-06-25 23:27:20.712120,32.23827557879465,18.17828644041486,85.76124742031647
2026-06-25 23:28:20.712120,29.361104515393315,11.000035478953935,89.48101256981525
2026-06-25 23:29:20.712120,28.608603663475016,13.753617728049107,91.15842841586463
2026-06-25 23:30:20.712120,30.65030155310442,12.772879359584651,95.48516781093036
2026-06-25 23:31:20.712120,28.472993915102265,14.80438342066327,91.41972686362831
2026-06-25 23:32:20.712120,32.06384114960093,17.214490544038608,94.13549200500611
2026-06-25 23:33:20.712120,32.036008795644655,14.317235603540432,97.98536300122171
2026-06-25 23:34:20.712120,32.27454409588957,10.751040308916728,89.82395801331359
2026-06-25 23:35:20.712120,30.45743359522273,14.433806616281831,87.81892101874035
2026-06-25 23:36:20.712120,30.13113275222993,11.436772491048675,88.41186189760907
2026-06-25 23:37:20.712120,31.281746012047755,16.263663673318717,87.57160166881731
2026-06-25 23:38:20.712120,29.378936948664624,18.631807926023622,88.81145256120863
2026-06-25 23:39:20.712120,27.703416718563346,16.197399462071708,93.26064078002739
2026-06-25 23:40:20.712120,29.49317054318028,14.57185340707258,89.4946143370967
2026-06-25 23:41:20.712120,30.781790922082855,16.25195400513484,86.47302636743089
2026-06-25 23:42:20.712120,27.78492740241402,16.634011414942613,88.43564262340651
2026-06-25 23:43:20.712120,32.18024299001595,19.989723571995196,93.75696835611261
2026-06-25 23:44:20.712120,28.50167412635697,17.048447795848432,85.26284728731875
2026-06-25 23:45:20.712120,28.942085162041547,19.975133460274392,86.30798792800024
2026-06-25 23:46:20.712120,29.0855360759994,15.243828686309902,96.33731423119576
2026-06-25 23:47:20.712120,29.396848038451076,10.376133634565567,85.21314555329536
2026-06-25 23:48:20.712120,18.041944204859124,26.768786150070657,72.67358032910126
2026-06-25 23:49:20.712120,20.39575688653044,30.065327405082705,65.59820633880243
2026-06-25 23:50:20.712120,15.688622949186213,25.682744180401265,60.7279775652864
2026-06-25 23:51:20.712120,20.009542981956066,29.626792923530658,62.00835172345393
2026-06-25 23:52:20.712120,16.050705999916808,34.77614926435252,60.3582187974034
2026-06-25 23:53:20.712120,29.475868192568946,12.7750719017347,92.31813009271717
2026-06-25 23:54:20.712120,31.283879211557156,18.144120916278183,91.7039364337283
2026-06-25 23:55:20.712120,29.342379782539645,10.288588547909395,86.40090299070235
2026-06-25 23:56:20.712120,28.21743772252008,14.225771414835204,96.93180875235682
2026-06-25 23:57:20.712120,27.965507426121725,11.065099808270048,90.98540650394825
2026-06-25 23:58:20.712120,27.600267357544062,10.412066032778661,97.5404770086607
2026-06-25 23:59:20.712120,27.655767228579396,18.61483751737354,94.82747259385245
2026-06-26 00:00:20.712120,28.936815729740545,15.578822234524837,89.05489824692842
2026-06-26 00:01:20.712120,32.380538546167436,16.38713543372395,93.48459487286418
2026-06-26 00:02:20.712120,27.668363321202076,12.066728623204863,97.75224253764526
2026-06-26 00:03:20.712120,28.245337403786422,16.523353925851602,94.4892090449917
2026-06-26 00:04:20.712120,32.10648311073331,10.8379799221597,86.19730289732425
2026-06-26 00:05:20.712120,29.305543836572372,17.525099969719015,88.94882338255074
2026-06-26 00:06:20.712120,29.718828921192745,10.089545801909479,98.37488583404209
2026-06-26 00:07:20.712120,28.38447195802167,10.80235353642107,89.07461635226015
2026-06-26 00:08:20.712120,27.731376551471097,14.586522843807634,88.9197402437127
2026-06-26 00:09:20.712120,28.88385052127427,18.752668989947402,95.40424874568674
2026-06-26 00:10:20.712120,31.68341173976151,17.303433992345038,94.19111045623038
2026-06-26 00:11:20.712120,28.361085985844042,16.922369782568722,87.6784176996367
2026-06-26 00:12:20.712120,30.831322478588362,18.07744328809741,87.41768569420341
2026-06-26 00:13:20.712120,31.433774863974776,11.277203348960441,90.17612122370637
2026-06-26 00:14:20.712120,27.61345285360004,12.10815098130069,88.58623831129697
2026-06-26 00:15:20.712120,31.91569993817056,15.655262949177825,91.16073014994947
2026-06-26 00:16:20.712120,28.511614600390228,15.091683269649579,90.23471391890203
2026-06-26 00:17:20.712120,32.24908533256975,15.31085418474882,94.0681011371939
2026-06-26 00:18:20.712120,29.84590645832792,11.184341851000552,96.7883654765917
2026-06-26 00:19:20.712120,29.37284349788686,16.344460510073077,98.03543786036812
2026-06-26 00:20:20.712120,29.207017391857608,13.943278016673386,91.68022076912771
2026-06-26 00:21:20.712120,29.771090228886877,19.691818371881123,95.72542609310084
2026-06-26 00:22:20.712120,30.673638296348713,18.783435742537172,86.97070249284454
2026-06-26 00:23:20.712120,31.251268879138802,19.082614600427128,94.34429412417235
2026-06-26 00:24:20.712120,28.8068843348929,15.988956565540608,92.65341262082437
2026-06-26 00:25:20.712120,27.929438160013333,18.422991294513075,96.02046805659694
2026-06-26 00:26:20.712120,31.882567185991586,17.52098800039711,86.65118002262385
2026-06-26 00:27:20.712120,28.51826475444589,17.969855817080013,91.91928516320286
